source_id,ra,dec,parallax,phot_g_mean_mag,phot_bp_mean_mag,phot_rp_mean_mag,bp_rp,bp_g,g_rp,radial_velocity,l,b,ecl_lon,ecl_lat,teff_gspphot,radius_gspphot,Computed_Distance_Parsec,x_Coord,y_Coord,z_Coord,base64_Cube,flat_x,flat_y,base64_2D,quadrant,abs_g_mag,B_V,mass,gravitational_force,StarClass,Sub_Class,Sys_Icons,Remaining_Mass_Earth,planet_types,age_gyr,game_x,game_y,game_z,estimate_lum,Clothing,Electronics,Equipment,Food,Heavy Metals,Luxury Goods,Industrial,Medical,Metal,Plastic,binary_candidate,counter,Name_two,2D_sector,3D_sector,simbad_names,grid_x,grid_y,class_combo,rarity_score
6341071024116923392,0.0281655011656402,-89.85699161099572,0.8462159280166782,18.468872,19.508224,17.452581,2.055643,1.0393524,1.0162907,,302.9676499367185,-27.26768267853092,270.3595160098747,-66.56037785751606,3799.133,0.8574,1181.7314788008705,2.9495596458303512,0.0014499468030728,-1181.7277977963813,EhQEhMERc,2.9495596458303512,-11.815828031160741,AAAAAAABJQEAAAAAAAEk0g,4,8.10627804851417,1.2353353400738245,1.989e+29,7160.813968291279,K,dwarf,star/k2,46.692965597248985,Rocky,9.620086694335937,0.0029495596458303,-0.0118158280311607,-1.1817277977963814,0.0341577126392841,253.3897556378361,604.0140930115214,363.78463360628535,102.96474816530385,804.9297155467899,902.4887739509296,651.0539608612402,502.2309875752212,204.5366386634393,304.085577030467,False,0,S40000-0000,S400,S4800,S40000-0000,75009,74962,K/dwarf,1.0
4611708008660299264,0.2779638248118005,-89.71659593238638,1.2855724542192457,17.507706,18.50154,16.532976,1.9685631,0.99383354,0.97472954,,303.0014568841523,-27.404831574405826,270.71246987402293,-66.56047748271396,4000.4795,0.5682,777.8635865431017,3.84751221106518,0.0186659054066749,-777.8540708713089,EhQEhMESw,3.84751221106518,-7.759874803306413,AAAAAAABJQQAAAAAAAEk3w,4,8.053188479916564,1.184996446784843,9.945000000000001e+29,82634.82675236474,K,dwarf,star/k2,233.46482798622725,Rocky,9.59995205078125,0.0038475122110651,-0.0077598748033064,-0.7778540708713089,0.0393300599171258,250.6128343925779,600.2076835942065,361.7178656629628,103.3021491345134,804.9960505773087,904.1741560932456,651.9803910147391,500.4057975271887,202.2102662610728,304.9994016080127,False,1,S40000-0001,S400,S4800,S40000-0001,75012,74975,K/dwarf,1.0
4611709181188492928,0.344145043884149,-89.65769601609382,0.8222923699537003,15.962487,16.491627,15.286262,1.2053652,0.5291395,0.67622566,,303.01551745721014,-27.46239540245029,270.8605436788644,-66.56041681557615,4887.0454,1.278,1216.1124638141853,7.265284795812577,0.043639197249667,-1216.090760748006,EhQEhMERU,7.265284795812577,-12.117268410230395,AAAAAAABJQ8AAAAAAAEk0Q,4,5.5376185230731085,0.7324534785174234,9.945000000000001e+29,33808.237084203654,K,dwarf,star/k2,233.46482798622725,Rocky,9.511295458984376,0.0072652847958125,-0.0121172684102303,-1.216090760748006,0.3989813456711298,251.74859899509755,603.2961930958483,363.1544034461021,104.7797004763854,802.7685748459963,903.7530098741106,654.3146328625305,500.38791357966426,200.56903013093432,301.2668164292758,True,2,S40000-0002,S400,S4800,S40000-0002,75023,74961,K/dwarf,1.0
4611709387346922880,0.3648349595696604,-89.64836327733326,0.6999401747378959,16.996668,17.514515,16.347021,1.1674938,0.51784706,0.64964676,,303.0176640705403,-27.47153258215086,270.88400739725813,-66.56046949126346,4913.182,0.5634,1428.6935313785443,8.767971689088373,0.0558314392131282,-1428.666625269242,EhQEhMEQs,8.767971689088373,-14.230834813479293,AAAAAAABJRQAAAAAAAEkyg,4,6.221972469927364,0.7094665105402939,9.945000000000001e+29,24495.812410605817,K,dwarf,star/k2,233.46482798622725,Rocky,9.508681787109374,0.0087679716890883,-0.0142308348134792,-1.4286666252692422,0.2124276340141234,250.5557813136224,601.7757642288507,362.9328859461528,101.96741031740424,804.2349399920582,900.7317506695352,653.5560232567759,504.8457453747407,201.1420814382549,304.88991831895254,False,3,S40000-0003,S400,S4800,S40000-0003,75028,74954,K/dwarf,1.0
4611709456066399232,0.4165480507694285,-89.63414462878772,0.2387775440631063,18.490738,19.021616,17.796618,1.2249985,0.53087807,0.6941204,,303.0207790001719,-27.48548384538964,270.9197576326562,-66.5606848855045,4465.4297,0.4539,4187.9985152025465,26.74107692844529,0.1944146640108789,-4187.913136676354,EhUEhMDj4,26.74107692844529,-41.68471670275266,AAAAAAABJU8AAAAAAAEkcQ,4,5.380705319870671,0.7443506383895465,9.945000000000001e+29,2850.7357774404345,K,dwarf,star/k2,233.46482798622725,Rocky,9.55345703125,0.0267410769284452,-0.0416847167027526,-4.187913136676354,0.4610179890925916,253.5563366602371,604.0883790567461,364.4545118747701,100.61220482713556,803.614250167772,901.339308251438,650.4946577414597,502.1748469342037,201.87897128918,304.7619952709826,False,4,S40000-0004,S400,S4400,S40000-0004,75087,74865,K/dwarf,1.0
4611756455891542272,0.7705357205574529,-89.60914165045459,0.2900502391942475,18.613949,19.168283,17.907265,1.2610188,0.55433464,0.7066841,,303.02421263269565,-27.51041035161432,270.98264471294715,-66.56290060096838,4466.989,0.4344,3447.6785910536582,23.51694431432893,0.3162839967146673,-3447.598369953248,EhUEhMDyQ,23.51694431432893,-34.15969970281781,AAAAAAABJUQAAAAAAAEkiQ,4,5.926314961777351,0.7661427161819712,9.945000000000001e+29,4206.457062832011,K,dwarf,star/k2,233.46482798622725,Rocky,9.553301123046875,0.0235169443143289,-0.0341596997028178,-3.447598369953248,0.2789163770078299,254.0552270254148,603.118211260547,365.4511706989513,100.721990670835,804.2822356486884,900.9101269161276,654.6111176501241,504.4664735159676,204.753589974836,300.3829323045,False,5,S40000-0005,S400,S4400,S40000-0005,75076,74889,K/dwarf,1.0
4611756666346916608,0.3358738252259066,-89.60487787563473,1.2014889639723023,16.238325,16.844652,15.491733,1.3529196,0.60632706,0.7465925,,303.02852448145194,-27.513937804791933,270.99331752402054,-66.55989306696483,4657.589,0.7584,832.3006119788653,5.739552400450164,0.0336462391923214,-832.2808210613571,EhQEhMESk,5.739552400450164,-8.28916197142125,AAAAAAABJQoAAAAAAAEk3Q,4,6.6369240492002834,0.8215364974356066,9.945000000000001e+29,72178.78652736181,K,dwarf,star/k2,233.46482798622725,Rocky,9.53424111328125,0.0057395524004501,-0.0082891619714212,-0.832280821061357,0.1449540587847803,252.3151298673481,602.5867387761341,365.0183610825016,103.25159493010408,801.8545410649508,901.0610001239608,654.2007125685307,504.06607519566535,204.4798158545452,303.0350465997232,False,6,S40000-0006,S400,S4800,S40000-0006,75018,74973,K/dwarf,1.0
4611756730769465216,0.1701355396655648,-89.59798752658594,0.2177641226207119,18.031088,18.48174,17.450317,1.0314236,0.45065308,0.5807705,,303.0314945253279,-27.52040833880324,271.0106037686713,-66.55866010542444,4973.5337,0.5315,4592.124671251463,32.219966755890674,0.0956750670023026,-4592.011635536749,EhUEhMDik,32.219966755890674,-45.824441288365186,AAAAAAABJWEAAAAAAAEkYw,4,4.721019524473267,0.6264610792013965,1.4917500000000002e+30,3556.5909825576346,K,dwarf,star/k2,350.1972419793291,Rocky,9.502646630859376,0.0322199667558906,-0.0458244412883651,-4.592011635536749,0.8464322268202799,254.87489599626937,603.9499677909536,364.8093675533056,101.47164564468495,802.3663137547486,902.4867032997864,651.6958713719132,500.5893053958524,200.1524280827065,303.0298493841999,False,7,S40000-0007,S400,S4400,S40000-0007,75105,74851,K/dwarf,1.0
4611756730769479296,0.6668952176235976,-89.5874961002854,0.0787592087281402,18.718348,19.15549,18.20102,0.9544716,0.43714333,0.51732826,,303.030164907862,-27.53141493208589,271.03705790164537,-66.56209551994284,5175.196,0.5143,12696.927967519116,91.4052015680981,1.0639604744893656,-12696.59890559214,EhgEhMCA0,91.4052015680981,-125.90202858143203,AAAAAAABJiIAAAAAAAEjXg,4,3.1998542706992623,0.5792320446856566,1.4917500000000002e+30,465.2259719612076,K,dwarf,star/k2,350.1972419793291,Rocky,9.482480419921876,0.091405201568098,-0.125902028581432,-12.69659890559214,3.436040639080196,250.0272003153136,602.69407775943,365.467887593257,103.59398616250851,802.2639781264276,901.0363491349702,653.1150263319015,501.7018318069637,201.08223905621165,304.5363938334437,False,8,S40000-0008,S400,S4000,S40000-0008,75298,74590,K/dwarf,1.0
4611757486683735680,0.7387431301650079,-89.57805131837512,0.7209263086924734,18.180595,18.96745,17.362547,1.6049023,0.7868538,0.8180485,,303.03183949927995,-27.5407569173889,271.0608090695254,-66.5625759191767,4066.7476,0.505,1387.104323899173,10.214241025833692,0.1317046145094639,-1387.066709756219,EhQEhMEQ0,10.214241025833692,-13.738962483052726,AAAAAAABJRkAAAAAAAEkzA,4,7.470049770340827,0.9719041729037536,9.945000000000001e+29,25986.73712824777,K,dwarf,star/k2,233.46482798622725,Rocky,9.593325244140624,0.0102142410258336,-0.0137389624830527,-1.387066709756219,0.06729458076217,254.60999121794063,601.7388541099057,361.119203090662,100.99941937236648,804.1938114379903,902.783724800427,651.0175892593641,502.9483574318492,203.51154138743493,301.4022053349556,False,9,S40000-0009,S400,S4800,S40000-0009,75033,74956,K/dwarf,1.0
4611760785218673792,0.8488872962869929,-89.53592472208834,0.9372871162577966,18.806545,19.787703,17.85929,1.9284134,0.9811573,0.9472561,,303.0408722284591,-27.582124190306956,271.16673115177986,-66.56325987002235,3701.9937,0.3789,1066.9089360713613,8.640537060146043,0.1280265133650584,-1066.873939412454,EhQEhMER0,8.640537060146043,-10.540712880759482,AAAAAAABJRQAAAAAAAEk1g,4,8.665908494323496,1.1616974655140249,1.989e+29,8785.071383028564,K,dwarf,star/k2,46.692965597248985,Rocky,9.629800634765624,0.008640537060146,-0.0105407128807594,-1.0668739394124538,0.0204003022645,253.0117965900116,600.8255973159602,363.8478465966309,103.78284988076906,802.8101154419787,901.4833157769772,651.3304096948569,502.5749091828378,201.19223081347175,301.9201780171656,False,10,S40000-0010,S400,S4800,S40000-0010,75028,74966,K/dwarf,1.0
4611760853938169216,0.558066523368077,-89.52203007159738,0.4675329814489127,18.33975,18.88556,17.630783,1.254776,0.5458088,0.7089672,,303.0468236953636,-27.59519908331809,271.201622664057,-66.56077627114304,4513.1396,0.4809,2138.8865378030446,17.841856832215942,0.1737869347353527,-2138.8121141273664,EhQEhMECY,17.841856832215942,-21.21433420653831,AAAAAAABJTIAAAAAAAEksw,4,6.688811554794274,0.7623691374123329,9.945000000000001e+29,10929.354437125468,K,dwarf,star/k2,233.46482798622725,Rocky,9.54868603515625,0.0178418568322159,-0.0212143342065383,-2.1388121141273664,0.138189605838141,253.27422604965645,603.5456990929321,364.80710962329925,103.92211211322896,802.1174780575994,901.4482760127348,650.2311437753244,501.9635895336922,204.71021807530275,304.6662332734961,False,11,S40000-0011,S400,S4800,S40000-0011,75058,74931,K/dwarf,1.0
4611760853938175360,0.7853037810551345,-89.51741142673988,0.2735705577008857,17.060516,17.507563,16.458908,1.0486546,0.44704628,0.6016083,,303.0458281588016,-27.60011656208,271.2132703602845,-66.56264584280865,5230.3574,0.6036,3655.3641166801713,30.7849971045354,0.4219697996085382,-3655.234456421061,EhUEhMDxk,30.7849971045354,-36.130374764602074,AAAAAAABJVwAAAAAAAEkgw,4,4.245863136330424,0.6370081431220433,1.4917500000000002e+30,5613.063753058023,G,dwarf,star/g2,350.1972419793291,"Rocky, Gas Giant",9.4769642578125,0.0307849971045353,-0.036130374764602,-3.655234456421061,1.3111571435865428,254.86164244174145,601.0523100262413,363.1685252189175,104.7992078002,803.5376200276694,902.1736351127264,650.581375579543,500.2252149466454,200.7535078409522,301.3638791828187,False,12,S40000-0012,S400,S4400,S40000-0012,75100,74883,G/dwarf,1.0
4611760858234995328,0.7930524510534254,-89.52169403070864,1.968368072497396,17.867018,18.989136,16.810495,2.1786404,1.122118,1.0565224,,303.04474165949387,-27.59594309990743,271.2025042383411,-66.56273466304957,3533.8904,0.489,508.0350641591312,4.240628316486349,0.0586998814461458,-508.0173619483668,EhQEhMETo,4.240628316486349,-5.021473738037522,AAAAAAABJQUAAAAAAAEk6A,4,9.337549306153528,1.3059849848460554,1.989e+29,38744.72868827114,M,dwarf,star/m3,46.692965597248985,Rocky,9.646610961914062,0.0042406283164863,-0.0050214737380375,-0.5080173619483668,0.01098955931803,252.0620793571628,604.4495328505828,361.3699813971903,100.60606093321552,804.7762331567174,904.579661830239,653.9169740209061,502.29565479734896,204.3719903503025,304.48890184061423,False,13,S40000-0013,S400,S4800,S40000-0013,75013,74984,M/dwarf,1.0
4611761957746621312,0.3373125811440849,-89.4810893326614,0.8273958945757836,11.280521,12.197066,10.340994,1.8560724,0.9165449,0.9395275,30.259687,303.05891462343493,-27.634759739425405,271.30447468640443,-66.55835444434385,4251.7476,17.4976,1208.6112664514883,10.945689930272566,0.0644403760656271,-1208.5616993405256,EhQEhMERY,10.945689930272566,-12.021176617339629,AAAAAAABJRsAAAAAAAEk0Q,4,0.8690882011001122,1.1195753832842106,1.4917500000000002e+30,51343.79747706459,K,dwarf,star/k2,350.1972419793291,Rocky,9.574825244140625,0.0109456899302725,-0.0120211766173396,-1.2085616993405257,29.401177199346847,251.16146379516547,603.4666652955578,362.46813050426806,103.32381345456496,803.172796977537,901.6561692628228,651.1787492913566,503.22590030283385,202.77852667330032,301.6845347991728,True,14,S40000-0014,S400,S4800,S40000-0014,75035,74961,K/dwarf,1.0
4611762228327791744,0.3192729887032668,-89.44979177539525,1.322441449817798,18.04745,19.045683,17.06992,1.9757633,0.9982338,0.9775295,,303.0668024579876,-27.665267881655005,271.3831308335809,-66.5576920466031,4202.9385,0.6119,756.1771450356285,7.261303260049277,0.0404630499747326,-756.1422792781403,EhQEhMES0,7.261303260049277,-7.520959742806671,AAAAAAABJQ8AAAAAAAEk4A,4,8.654331377161018,1.1891688013631474,9.945000000000001e+29,87442.56940980998,K,dwarf,star/k2,233.46482798622725,Rocky,9.57970615234375,0.0072613032600492,-0.0075209597428066,-0.7561422792781404,0.0226082761440394,252.84053131642716,601.8841057617841,363.7781854352104,100.76424814281306,800.5185880949298,902.6042351990012,651.2611664711673,501.41312614459406,202.0858585931287,301.54631434128027,True,15,S40000-0015,S400,S4800,S40000-0015,75023,74976,K/dwarf,1.0
4611762232624526976,0.4089848117696585,-89.45591446916765,0.2786624582430901,17.632004,18.094515,17.00476,1.0897541,0.46251106,0.62724304,,303.0643554367763,-27.659477891609207,271.36777577373266,-66.55864456942564,4937.005,0.5461,3588.5709410043805,34.0759905186195,0.2432430345524281,-3588.4091414335776,EhUEhMDx0,34.0759905186195,-35.64084837978335,AAAAAAABJWcAAAAAAAEkhA,4,4.8573961039558,0.6621231666931827,1.4917500000000002e+30,5823.957422556148,K,dwarf,star/k2,350.1972419793291,Rocky,9.50629951171875,0.0340759905186194,-0.0356408483797833,-3.5884091414335777,0.7465201908478646,254.87313667204825,604.8697154804529,365.597039430069,103.0491797267722,803.905070129434,903.6375231911296,654.9477905644678,500.84755752170304,201.29217791766212,302.19112950566205,False,16,S40000-0016,S400,S4400,S40000-0016,75111,74884,K/dwarf,1.0
4611775078870003584,0.9637687245256495,-89.3981553171645,0.4009862705962519,18.504894,18.978254,17.892118,1.0861359,0.47336006,0.6127758,,303.072056654165,-27.71710007564005,271.51312687832257,-66.56355170188662,4943.609,0.5002,2493.850970291418,26.191650241758172,0.4406096677001837,-2493.713388772692,EhUEhMEBQ,26.191650241758172,-24.496524220026735,AAAAAAABJU0AAAAAAAEkqQ,4,6.520541771733065,0.6599145134477177,9.945000000000001e+29,8039.499460334528,K,dwarf,star/k2,233.46482798622725,Rocky,9.505639111328126,0.0261916502417581,-0.0244965242200267,-2.4937133887726914,0.1613553208663912,254.6617468403656,602.9012082465297,365.4351412891265,103.66180821983208,804.6261513494193,904.3101329902696,652.0846126492373,503.796008887604,203.62398353547172,300.86562018477747,False,17,S40000-0017,S400,S4800,S40000-0017,75085,74921,K/dwarf,1.0
4611775353747945600,0.1423886021859826,-89.37157170776825,0.7875948558367161,17.96457,18.890697,17.026354,1.8643436,0.9261284,0.93821526,,303.0882234647149,-27.74117562592326,271.5796082846677,-66.55433286319308,3569.9695,0.7286,1269.688333524768,13.925800748768554,0.0346077739382978,-1269.6119624376222,EhQEhMERM,13.925800748768554,-12.661511850437924,AAAAAAABJSUAAAAAAAEkzw,4,7.446083446236063,1.1244007512595244,1.989e+29,6203.056569404576,M,dwarf,star/m3,46.692965597248985,Rocky,9.643003051757812,0.0139258007487685,-0.0126615118504379,-1.269611962437622,0.0627431937718878,250.2210242692024,601.3175926903268,361.5440266434589,101.29749948352732,801.6904546240947,900.2870302000694,651.6112520959687,503.1905239015632,201.7363926279056,301.2088246018687,False,18,S40000-0018,S400,S4800,S40000-0018,75045,74959,M/dwarf,1.0
4611775353747946368,0.4136265281385265,-89.37089570718302,0.7560287180292747,18.025171,18.885078,17.137451,1.7476273,0.85990715,0.8877201,,303.0851093514852,-27.74248718985336,271.58146006822733,-66.55729492663015,4293.286,0.6228,1322.7010775552023,14.522509868997862,0.1048419227748495,-1322.621346524004,EhQEhMERA,14.522509868997862,-13.12137154246519,AAAAAAABJScAAAAAAAEkzg,4,7.417862743159052,1.0560877589138282,9.945000000000001e+29,28578.97112424943,K,dwarf,star/k2,233.46482798622725,Rocky,9.57067138671875,0.0145225098689978,-0.0131213715424651,-1.322621346524004,0.0706081613834215,254.01004588487672,602.6976863628857,363.7808337095652,104.710697997824,802.971860720466,902.4840696440792,653.1834256378605,503.2644363328905,202.22197351572265,304.6222574881259,True,19,S40000-0019,S400,S4800,S40000-0019,75047,74958,K/dwarf,1.0
4611778377404942208,0.6831433410012446,-89.35348600676642,0.3187083393496565,18.607756,19.160181,17.911196,1.2489853,0.5524254,0.6965599,,303.08601640008175,-27.7601352097122,271.625339572514,-66.56001434526439,4471.523,0.4507,3137.6649950251062,35.40150969731922,0.4221157631170436,-3137.465246968535,EhUEhMDzQ,35.40150969731922,-30.952536706568306,AAAAAAABJWsAAAAAAAEklA,4,6.124722798055508,0.7588675864277931,9.945000000000001e+29,5078.750278550793,K,dwarf,star/k2,233.46482798622725,Rocky,9.552847705078126,0.0354015096973192,-0.0309525367065683,-3.137465246968535,0.2323329895633256,250.4317722125813,604.7944829307014,361.9467005298882,103.1218826939206,802.4356472411021,903.1581370962498,650.6690064533492,501.5827013599909,201.23910780370983,303.04299443780457,False,20,S40000-0020,S400,S4400,UCAC4 004-000007,75115,74900,K/dwarf,1.0
4611778377404951040,0.8922140904968857,-89.34691575195441,0.3602272020745126,16.437168,16.933508,15.716626,1.2168818,0.4963398,0.72054195,,303.08495864769145,-27.76705719710999,271.6419299824148,-66.56230366214888,5377.9004,0.7786,2776.0257810656703,31.637926247552457,0.4927079394297061,-2775.8454452658034,EhUEhMEAY,31.637926247552457,-27.265746513228326,AAAAAAABJV8AAAAAAAEkoA,4,4.220050645776531,0.7394337952094443,1.4917500000000002e+30,9732.272783582384,G,dwarf,star/g2,350.1972419793291,"Rocky, Gas Giant",9.4622099609375,0.0316379262475524,-0.0272657465132283,-2.7758454452658032,1.3427023273343883,253.8079246915753,602.2711711543058,365.0059193455004,100.8698971030772,804.8634802291639,900.8148285405924,654.2226163455449,502.57191334101645,204.44840170856057,301.7596152035841,False,21,S40000-0021,S400,S4400,S40000-0021,75103,74912,G/dwarf,1.0
4611778446124429568,0.1162257613956912,-89.34490154013476,0.3264859518865791,18.519333,18.899576,17.979418,0.9201584,0.3802433,0.5399151,,303.0952252107648,-27.767117686413336,271.6466018673464,-66.55341125848776,5262.194,0.5372,3062.918922610793,35.01943145162127,0.0710377919888357,-3062.718720493558,EhUEhMDzc,35.01943145162127,-30.556149412946745,AAAAAAABJWoAAAAAAAEklQ,4,6.088655381188218,0.5581056129948293,9.945000000000001e+29,5329.653838964282,G,dwarf,star/g2,233.46482798622725,"Rocky, Gas Giant",9.473780615234377,0.0350194314516212,-0.0305561494129467,-3.062718720493558,0.2401805569266669,254.83164246259744,602.4291474443485,362.7290903883714,101.39524520317552,804.1916419732688,901.5178940866838,654.1710988874776,504.80026581853207,203.62179459519933,304.7111390098292,False,22,S40000-0022,S400,S4400,S40000-0022,75114,74901,G/dwarf,1.0
4611778450419431936,0.1044111570726397,-89.33890253294932,0.7344688919712613,18.845394,19.994658,17.791094,2.2035637,1.1492634,1.0543003,,303.09687968423424,-27.772936916747085,271.66166575569486,-66.55312826949898,3578.3735,0.8552,1361.5280523536844,15.70938187357807,0.0286275283784039,-1361.4374212014418,EhQEhMEQ4,15.70938187357807,-13.585746683636014,AAAAAAABJSsAAAAAAAEkzA,4,8.175261165572703,1.3202364266930045,1.989e+29,5394.445532734922,M,dwarf,star/m3,46.692965597248985,Rocky,9.642162646484374,0.015709381873578,-0.013585746683636,-1.3614374212014415,0.0320549817359639,254.5992278543676,603.3785009135364,361.4477823640235,100.71013086032252,801.5759714469488,902.8966691953452,654.261675268393,504.9671084059215,202.75125181236305,300.53382131206064,False,23,S40000-0023,S400,S4800,S40000-0023,75051,74956,M/dwarf,1.0
4611778656579457664,0.4925765324718344,-89.325363664795,0.9132976622425212,14.359505,14.703383,13.84331,0.8600731,0.34387875,0.51619434,-9.221251,303.09523730720935,-27.787137577515743,271.695932837952,-66.55735833962723,6268.863,1.2278,1094.9332745959175,12.891654712556914,0.1108333472431509,-1094.8573737122476,EhQEhMERw,12.891654712556914,-10.837740389879325,AAAAAAABJSIAAAAAAAEk1Q,4,4.162566429660839,0.5210121985149119,2.9835000000000004e+30,125116.89297864816,F,dwarf,star/f2,700.3944839586582,"Rocky, Gas Giant",9.373113720703126,0.0128916547125569,-0.0108377403898793,-1.0948573737122476,1.5522920316499185,254.91272278417077,600.8588075700557,364.3912940104621,104.5813302577873,802.409127971696,902.0913535444886,650.7324981131266,502.57776298348654,202.13080256628507,301.92555307753133,False,24,S40000-0024,S400,S4800,S40000-0024,75042,74965,F/dwarf,1.0
4611779549932653440,0.7894210833592885,-89.2946238061307,1.0729435537767886,18.609703,19.985434,17.505396,2.4800377,1.3757305,1.1043072,,303.09868860885234,-27.81793354268198,271.7733444573973,-66.56042269548085,3619.945,0.4843,932.0154788012608,11.472791402879391,0.1580820897579082,-931.9448496518572,EhQEhMESQ,11.472791402879391,-9.161366406760663,AAAAAAABJR0AAAAAAAEk2w,4,8.762587438342193,1.476869170003828,1.989e+29,11512.078695911645,M,dwarf,star/m3,46.692965597248985,Rocky,9.638005493164062,0.0114727914028793,-0.0091613664067606,-0.9319448496518572,0.018662293904447,253.52739098171,604.4996536917039,363.8095359402615,100.49509736139235,801.054745173026,902.66260855335,650.8691184775593,502.26922142811793,200.72951456649832,304.1498797532841,False,25,S40000-0025,S400,S4800,S40000-0025,75037,74971,M/dwarf,1.0
4611779549932672768,0.6959219549471806,-89.28725183587466,0.2009775849903812,18.701647,19.230572,18.099535,1.1310368,0.52892494,0.6021118,,303.1017280933109,-27.82489476481659,271.79182910479415,-66.55915089988419,4756.381,0.4811,4975.679253225478,61.89030377009431,0.7517646105929542,-4975.294268294858,EhcEhMDhY,61.89030377009431,-49.00117807235562,AAAAAAABJcEAAAAAAAEkWQ,4,5.217384921319354,0.687290565231405,9.945000000000001e+29,2019.599483428295,K,dwarf,star/k2,233.46482798622725,Rocky,9.5243619140625,0.0618903037700943,-0.0490011780723556,-4.975294268294858,0.5358534503511742,251.6233732073585,603.4582746072483,365.598852587101,100.15957066892427,802.3540525161526,904.1292362017872,654.929057272469,504.26721875814,201.6090495116076,304.0808276600885,False,26,S40000-0026,S400,S4400,S40000-0026,75201,74841,K/dwarf,1.0
4611779756091083008,0.3980242199729755,-89.28661553148918,1.4919122615226004,14.183529,14.626376,13.570565,1.0558109,0.44284725,0.6129637,8.2865095,303.10597686099044,-27.824720661451884,271.79324972250976,-66.5554320478722,5750.4326,1.0002,670.2807033567982,8.345186247952157,0.0579735489718404,-670.2287488597,EhQEhMETE,8.345186247952157,-6.644313939625159,AAAAAAABJRMAAAAAAAEk4w,4,5.05224531657702,0.6413854944943425,9.945000000000001e+29,111290.109804074,G,dwarf,star/g2,233.46482798622725,"Rocky, Gas Giant",9.42495673828125,0.0083451862479521,-0.0066443139396251,-0.6702287488597,0.6238811634349734,252.65122503928507,602.3714978510285,361.9299518213424,101.5983620154814,801.332006057775,902.9909230616375,653.7378507542629,500.1821490500048,200.547396369934,303.4945199172886,False,27,S40000-0027,S400,S4800,S40000-0027,75027,74979,G/dwarf,0.5
4611779820514035840,0.3881278671975515,-89.27405473876978,0.1091666812100201,18.916483,19.800615,18.14839,1.6522255,0.8841324,0.7680931,,303.10919980145883,-27.836954452828703,271.8248056018184,-66.55503011742107,4007.1416,0.4188,9160.304123161455,116.05652171008911,0.7861915773606225,-9159.56887055718,EhkEhMCwE,116.05652171008911,-90.80949712821116,AAAAAAABJnIAAAAAAAEj0A,4,4.106933462742656,0.999895874133358,1.4917500000000002e+30,893.802321480763,K,dwarf,star/k2,350.1972419793291,Rocky,9.59928583984375,0.1160565217100891,-0.0908094971282111,-9.159568870557178,1.490138429259679,252.113216524455,600.5877176417198,361.76965542054927,104.19280236137448,804.1900690803382,903.4570230421274,653.6807806387217,500.5769116920879,201.21062451818173,301.28095922483715,False,28,S40000-0028,S400,S4000,S40000-0028,75378,74704,K/dwarf,1.0
4611779824810558080,0.2067671525246654,-89.26968946055074,0.1663500206016742,17.834028,18.293827,17.28031,1.0135174,0.4597988,0.55371857,,303.11282359171133,-27.8407093407528,271.83563386666754,-66.55262081696362,5806.741,1.1023,6011.420956745798,76.6209423292956,0.2765083742361148,-6010.932629296577,EhcEhMDSE,76.6209423292956,-59.83281791872965,AAAAAAABJfEAAAAAAAEkNQ,4,3.939142538969509,0.6154897148909924,1.4917500000000002e+30,2075.4247015633096,G,dwarf,star/g2,350.1972419793291,Rocky,9.41932587890625,0.0766209423292956,-0.0598328179187296,-6.010932629296577,1.7391738004161994,252.7891876980684,604.3304712299348,364.9467800772332,102.23264575254724,803.8158069451006,900.1475869676743,652.8995754316765,503.3384182964277,203.4913222848584,304.3267043394304,False,29,S40000-0029,S400,S4400,S40000-0029,75249,74805,G/dwarf,1.0
4611967493404334464,0.7710456991915823,-89.25842968599238,0.6099870337095842,18.018877,18.650612,17.24652,1.4040928,0.63173485,0.77235794,,303.1075654980845,-27.853266947652106,271.8643129252407,-66.55962944725951,4422.417,0.4352,1639.3791092879223,21.215713825835213,0.2855231676482985,-1639.2417991050138,EhQEhMEQA,21.215713825835213,-16.106894823401838,AAAAAAABJT0AAAAAAAEkxA,4,6.945480046700418,0.8522533336823372,9.945000000000001e+29,18604.20906469087,K,dwarf,star/k2,233.46482798622725,Rocky,9.55775830078125,0.0212157138258352,-0.0161068948234018,-1.639241799105014,0.1090957874392847,254.7037749017915,601.9156990214424,365.20356333647146,104.22322812033453,803.9385984301911,901.8589433001292,651.6297497014399,504.7281024807023,203.48381731484227,300.7821872070584,False,30,S40000-0030,S400,S4800,S40000-0030,75069,74948,K/dwarf,1.0
4611967497701779328,0.8462429296132825,-89.25705193517881,0.5755655723165984,16.017168,16.40656,15.442341,0.96422005,0.38939285,0.5748272,,303.1068157997525,-27.854818654901266,271.8678146473814,-66.56058174545964,5556.664,1.0324,1737.421499995373,22.52586479930768,0.3327250317653615,-1737.2754368134229,EhUEhMEDs,22.52586479930768,-17.040029336368868,AAAAAAABJUEAAAAAAAEkwQ,4,4.817642087766281,0.585226595244557,1.4917500000000002e+30,24845.679602710014,G,dwarf,star/g2,350.1972419793291,"Rocky, Gas Giant",9.44433359375,0.0225258647993076,-0.0170400293363688,-1.737275436813423,0.7743604524238614,254.196307968828,600.2023163664783,364.51196178370526,101.02476789046936,804.4096005929632,902.0597423225364,654.5558728498597,501.8026867983493,201.40984903800396,304.49193962609843,False,31,S40000-0031,S400,S4800,S40000-0031,75073,74945,G/dwarf,1.0
4611967772579686144,0.1895799462448101,-89.24389149716927,1.553482146463873,14.506683,14.941158,13.901936,1.0392227,0.43447495,0.6047478,152.84476,303.1195073074685,-27.865822360149583,271.9004293932207,-66.55171559510366,5675.6104,0.8091,643.7151545489329,8.49454732582331,0.0281068119859839,-643.6591039297845,EhQEhMETM,8.49454732582331,-6.408484227311861,AAAAAAABJRMAAAAAAAEk5A,4,5.463214681861807,0.6312362146772967,9.945000000000001e+29,120665.33896910008,G,dwarf,star/g2,233.46482798622725,"Rocky, Gas Giant",9.43243896484375,0.0084945473258233,-0.0064084842273118,-0.6436591039297844,0.4272815370636577,252.08768329349505,603.6433788957778,362.0344630968871,104.51055499697664,800.4859979917553,904.764274781505,654.8798374622445,500.7250673565868,200.2909840242546,302.4832446062364,False,32,S40000-0032,S400,S4800,S40000-0032,75027,74980,G/dwarf,0.5
4611968597213406592,0.6102884127157955,-89.21478103555707,0.2759985963888495,16.875765,17.272282,16.319366,0.9529152,0.3965168,0.5563984,,303.1204125223891,-27.89546670451817,271.9739132681029,-66.55667284267437,5542.89,0.6885,3623.2068317880794,49.650433242757465,0.52887368570501,-3622.8665861010168,EhYEhMDxs,49.650433242757465,-35.69979217530516,AAAAAAABJZkAAAAAAAEkhA,4,4.080299213973365,0.5782746729419115,1.4917500000000002e+30,5713.141890646129,G,dwarf,star/g2,350.1972419793291,"Rocky, Gas Giant",9.445710986328123,0.0496504332427574,-0.0356997921753051,-3.6228665861010168,1.5271451400328366,250.26363414405137,600.0229683575511,364.62351038783487,102.27693626263157,802.0170074200158,900.5145366941755,653.546900633102,501.2353393718234,204.51290411613851,303.19054441126934,False,33,S40000-0033,S400,S4400,S40000-0033,75161,74884,G/dwarf,1.0
4611968597213406720,0.2682540816720853,-89.21923047696197,0.4389453496870641,16.787056,17.235235,16.197323,1.0379124,0.44817924,0.5897331,,303.1244850924811,-27.89011059045117,271.9624534371134,-66.55210624818392,4917.181,0.9508,2278.1879354979537,31.04356338668224,0.1453444478304237,-2277.976414604786,EhUEhMEB8,31.04356338668224,-22.634419698217435,AAAAAAABJV0AAAAAAAEkrw,4,4.999108230963845,0.6304340846582465,1.4917500000000002e+30,14450.476500892426,K,dwarf,star/k2,350.1972419793291,Rocky,9.508281884765625,0.0310435633866822,-0.0226344196982174,-2.277976414604786,0.6551740801245394,253.52575505320723,601.9973897043858,361.3497023023696,100.23182612976264,800.8948170109629,901.6791686789963,651.0001164954932,502.8595389717418,202.78817655629453,301.5561077446014,True,34,S40000-0034,S400,S4800,S40000-0034,75101,74927,K/dwarf,1.0
4611968665932883072,0.5480442338716254,-89.20559800635552,0.8246690543123955,14.921126,15.323809,14.335829,0.9879799,0.4026823,0.5852976,,303.1235864525135,-27.90425283301625,271.99694270109137,-66.55561593788602,5815.0674,1.4882,1212.607645176882,16.811412817511656,0.1608090322247097,-1212.4910934439713,EhQEhMERY,16.811412817511656,-11.964101902215003,AAAAAAABJS4AAAAAAAEk0Q,4,4.502524855553052,0.5998231333962423,1.4917500000000002e+30,51005.92868553754,G,dwarf,star/g2,350.1972419793291,"Rocky, Gas Giant",9.41849326171875,0.0168114128175116,-0.011964101902215,-1.2124910934439712,1.0351184696372588,252.37996280703615,601.8852647718035,362.3895722608533,104.43302434626185,801.3081351086294,900.0245854214254,652.5360839048616,504.88166136385627,204.63940655130375,301.2594178323464,True,35,S40000-0035,S400,S4800,S40000-0035,75054,74961,G/dwarf,1.0
4611968867793645952,0.4094501843113302,-89.1964941435275,0.7502368093602889,14.946516,15.337976,14.37659,0.9613867,0.39146042,0.56992626,,303.1279462981582,-27.912724610641472,272.0197017587943,-66.55346726017927,5516.153,1.3537,1332.912471800309,18.691438269195743,0.1335760363602201,-1332.7814035968845,EhQEhMERA,18.691438269195743,-13.194237999608626,AAAAAAABJTQAAAAAAAEkzQ,4,4.322507879048569,0.5834846362523473,1.4917500000000002e+30,42214.145258933,G,dwarf,star/g2,350.1972419793291,"Rocky, Gas Giant",9.448384716796877,0.0186914382691957,-0.0131942379996086,-1.3327814035968844,1.2217907937534065,250.99675411229293,601.9248199448682,363.7478468409792,100.71975679753042,804.1200394842464,902.0966953812728,653.9335706298009,500.0686079513152,201.51411850145877,304.21626422138667,True,36,S40000-0036,S400,S4800,S40000-0036,75060,74957,G/dwarf,1.0
4611971891450629248,0.4609888396800333,-89.16766251304438,1.3129401390535431,17.505333,18.406654,16.58115,1.8255043,0.9013214,0.9241829,,303.1342052716975,-27.941030477731665,272.0921860920378,-66.55347264172555,4319.395,0.784,761.6493473349577,11.063755366174249,0.0890183858098726,-761.5689815694252,EhQEhMES0,11.063755366174249,-7.52667142988438,AAAAAAABJRwAAAAAAAEk4A,4,8.096557575429744,1.1017213861781885,9.945000000000001e+29,86190.59043689689,K,dwarf,star/k2,233.46482798622725,Rocky,9.568060498046876,0.0110637553661742,-0.0075266714298843,-0.7615689815694252,0.0377900067794098,251.654642518073,603.395762011517,362.69932996234206,103.19270251400395,804.0733679433898,904.9481231038612,652.9853061754284,502.4777478878324,201.49548633345157,301.8421195585159,True,37,S40000-0037,S400,S4800,S40000-0037,75036,74976,K/dwarf,1.0
4611972166328543872,0.9294190209208572,-89.14340546795091,2.34958110671949,18.07074,19.583279,16.88689,2.6963882,1.5125389,1.1838493,,303.1323978007589,-27.966200054729637,272.15352187333866,-66.55984457732013,3436.306,0.5225,425.6077805274024,6.361930259931754,0.1032086085136747,-425.56021669889736,EhQEhMET4,6.361930259931754,-4.152393558475299,AAAAAAABJQwAAAAAAAEk6w,4,9.925691952651848,1.5975738592408188,1.989e+29,55205.31377053183,M,dwarf,star/m3,46.692965597248985,Rocky,9.656369409179687,0.0063619302599317,-0.0041523935584752,-0.4255602166988974,0.0063932725472253,254.7033830743028,602.1648539775596,364.558476530471,102.30350312643569,803.1220559518542,900.3080854184616,651.5527898070792,504.7668836167801,202.16924045448772,303.4678126138384,False,38,S40000-0038,S400,S4800,S40000-0038,75020,74987,M/dwarf,1.0
4611972166328545024,0.9004384249102668,-89.14125377993003,0.1892885467754217,18.89213,19.323318,18.32722,0.99609756,0.43118858,0.564909,,303.1333862328214,-27.9682139602292,272.15890974383706,-66.55937092101338,4952.0376,0.4646,5282.939813502998,79.16769047504347,1.244271400485789,-5282.346448470473,EhcEhMDgY,79.16769047504347,-51.57919308421894,AAAAAAABJfoAAAAAAAEkUA,4,5.277751583243848,0.6048055894342498,9.945000000000001e+29,1791.507697017551,K,dwarf,star/k2,233.46482798622725,Rocky,9.504796240234375,0.0791676904750434,-0.0515791930842189,-5.282346448470473,0.5068732436550352,250.71628953209907,600.4128591308477,364.0378386502129,103.17723860474862,800.1178697961337,900.9376849771064,652.9833054910695,501.7112677661445,200.65841590326835,302.4290063882092,False,39,S40000-0039,S400,S4400,S40000-0039,75258,74832,K/dwarf,1.0
4611972990962276096,0.6291586626355459,-89.11692524411512,0.2142320574723853,18.610601,19.060623,17.979557,1.0810661,0.45002174,0.6310444,,303.1437671776736,-27.99112317870036,272.2198223685215,-66.554720399432,4839.151,0.4596,4667.835485494045,71.9361184417269,0.7899543677564027,-4667.281081151324,EhcEhMDiY,71.9361184417269,-45.882856443756836,AAAAAAABJeIAAAAAAAEkYw,4,5.265023718939602,0.6568190666719703,9.945000000000001e+29,2294.7687224425704,K,dwarf,star/k2,233.46482798622725,Rocky,9.516084912109376,0.0719361184417269,-0.0458828564437568,-4.667281081151324,0.5128501801692338,254.9631279738977,601.3901390261559,365.1375487724133,103.99325677086534,801.2111019151191,902.2615979640108,653.3543605417545,500.1983500702904,204.22455362360796,300.2933457542305,False,40,S40000-0040,S400,S4400,S40000-0040,75234,74851,K/dwarf,1.0
4611972995259913216,0.6412023285806546,-89.12038217099168,0.8163171026878026,16.591625,17.166788,15.887922,1.2788658,0.5751629,0.7037029,,303.142726767853,-27.987785421869507,272.211147743668,-66.55498990492241,4618.2847,1.3708,1225.0141479425138,18.80477924066845,0.2104547967557868,-1224.869788445209,EhQEhMERU,18.80477924066845,-12.038243087696303,AAAAAAABJTUAAAAAAAEk0Q,4,6.150919691190158,0.7769232695263592,9.945000000000001e+29,33318.680607030416,K,dwarf,star/k2,233.46482798622725,Rocky,9.538171533203124,0.0188047792406684,-0.0120382430876963,-1.224869788445209,0.2267942938632824,252.3310576957156,601.3398433902901,365.94360218686137,100.18730054266044,803.4954392904195,902.587029045378,654.5775624994428,500.9425157373144,200.4054735981088,302.49245208017084,True,41,S40000-0041,S400,S4800,S40000-0041,75061,74961,K/dwarf,1.0
4611972995259913856,0.0632363432895933,-89.1303237145041,0.4389235852794528,17.134779,17.24778,16.258772,0.98900795,0.11300087,0.8760071,,303.15001941439283,-27.976158120916963,272.1855318444174,-66.54645988154655,5370.4893,0.6516,2278.300901427574,34.58033023044076,0.0381657172657603,-2278.038453747045,EhUEhMEB8,34.58033023044076,-22.74221882020469,AAAAAAABJWgAAAAAAAEkrg,4,5.346723566487992,0.6004542627797319,9.945000000000001e+29,9632.695685728451,G,dwarf,star/g2,233.46482798622725,"Rocky, Gas Giant",9.46295107421875,0.0345803302304407,-0.0227422188202046,-2.278038453747045,0.4756752700459003,253.95967938980917,602.4439401279507,361.1538574004919,100.80744949135618,803.0392020802186,901.3405907371572,650.538905051705,502.6084847337289,200.44719949971696,301.7522263013909,True,42,S40000-0042,S400,S4800,S40000-0042,75112,74926,G/dwarf,1.0
4611973059681754880,0.3031037053463541,-89.11231782826886,0.5313926724436349,18.842848,19.736559,17.950115,1.7864437,0.8937111,0.8927326,,303.1504665862532,-27.99453161743374,272.2310487072893,-66.54955737288601,3657.0134,0.3913,1881.847552397461,29.15384579803157,0.15422987863805,-1881.6217047942032,EhUEhMEDQ,29.15384579803157,-18.661987169303984,AAAAAAABJVcAAAAAAAEkvA,4,7.469925631494355,1.0788595763692257,1.989e+29,2823.781723267882,M,dwarf,star/m3,46.692965597248985,Rocky,9.634298657226562,0.0291538457980315,-0.0186619871693039,-1.8816217047942032,0.0613804046800888,252.8999306361128,600.2773020393572,364.27034811424943,104.71885544892923,803.282196548037,900.94678582554,654.1443010992831,502.1991608278025,200.39736207742857,303.6740673013739,False,43,S40000-0043,S400,S4800,S40000-0043,75095,74940,M/dwarf,1.0
4611973059681757184,0.9236002798246132,-89.108146207875,1.960132545973656,16.81597,17.806868,15.799918,2.0069494,0.99089813,1.0160513,,303.14081636593534,-28.000666771585635,272.24213789460754,-66.55908509480713,4223.605,0.6559,510.1695811612937,7.939837699723862,0.1280002057786804,-510.1077769800605,EhQEhMETk,7.939837699723862,-4.973077564021925,AAAAAAABJREAAAAAAAEk6A,4,8.277396665880794,1.2072193970603782,9.945000000000001e+29,192105.97988925825,K,dwarf,star/k2,233.46482798622725,Rocky,9.577639501953126,0.0079398376997238,-0.0049730775640219,-0.5101077769800605,0.0319919957659395,254.7011035740519,601.49067641999,361.91302890292746,104.39455742599894,804.0797613011448,901.6956639117072,651.2967847970132,503.4213947398696,202.60020901998243,302.1507739865403,True,44,S40000-0044,S400,S4800,S40000-0044,75025,74984,K/dwarf,1.0
4611973265840198656,0.7161276614380988,-89.09108295850888,0.2315023990442586,17.758715,18.212158,17.137207,1.0749512,0.45344353,0.62150764,,303.1484903709255,-28.016662999631446,272.28483831789987,-66.5554513764634,4917.8613,0.6124,4319.60966334876,68.51631207993768,0.8564152885838132,-4319.066151985612,EhcEhMDjc,68.51631207993768,-42.33424623127231,AAAAAAABJdcAAAAAAAEkbg,4,4.581492155616697,0.6530842345774173,1.4917500000000002e+30,4019.502057243535,K,dwarf,star/k2,350.1972419793291,Rocky,9.5082138671875,0.0685163120799376,-0.0423342462312723,-4.319066151985612,0.9625053180394416,250.11346905578745,603.6142287611513,361.6980487870477,100.96983786200798,804.43482647087,900.5119939311393,652.5437644824282,502.64058656279576,204.66502657274725,300.7549246542194,False,45,S40000-0045,S400,S4400,S40000-0045,75223,74862,K/dwarf,1.0
4611985154309689728,0.0685069994568834,-89.06492499065622,1.9008664677626548,18.659096,19.952793,17.509138,2.443655,1.2936974,1.1499577,,303.16646276195394,-28.03992520733377,272.34974655201137,-66.5442438506859,3567.7712,0.3831,526.0758801100918,8.585243528428588,0.0102651462117621,-526.0058223268941,EhQEhMETk,8.585243528428588,-5.249793077057179,AAAAAAABJRQAAAAAAAEk5w,4,10.053853812057303,1.4564099046201129,1.989e+29,36132.93328264471,M,dwarf,star/m3,46.692965597248985,Rocky,9.643222875976562,0.0085852435284285,-0.0052497930770571,-0.5260058223268941,0.0056814406618706,251.68025815183057,602.6400202926214,365.43494518243375,104.59623090533496,804.7420520108677,901.9928815609004,654.2479435803931,502.1339990280415,200.96482792218973,302.058165599252,True,46,S40000-0046,S400,S4800,S40000-0046,75028,74983,M/dwarf,1.0
4611985429187613568,0.9582829613290992,-89.03822784224391,0.2548703624048101,18.718622,19.116138,18.167395,0.9487438,0.39751625,0.55122757,,303.1566896660575,-28.06916926139901,272.41788708854614,-66.55818559478249,5212.9546,0.5285,3923.563299257613,65.8489857738597,1.101439690034593,-3923.0105354414286,EhcEhMDww,65.8489857738597,-38.12866566437969,AAAAAAABJc4AAAAAAAEkfA,4,5.750218890040969,0.5757083577573768,9.945000000000001e+29,3247.945081617961,G,dwarf,star/g2,233.46482798622725,"Rocky, Gas Giant",9.478704541015626,0.0658489857738597,-0.0381286656643796,-3.9230105354414286,0.3280291540703161,253.3441614528789,600.607636205423,363.1293792577387,101.97455534805422,801.9579959143841,904.4471022324872,651.41440567983,504.4727920806925,202.9599779995765,303.1445197529035,False,47,S40000-0047,S400,S4400,S40000-0047,75214,74876,G/dwarf,1.0
4611986253821350144,0.1913030701682576,-89.0161172903934,0.3816250686359699,17.778248,18.271116,17.115898,1.1552181,0.49286842,0.6623497,,303.1764830288699,-28.08796929197172,272.4724737729369,-66.54452545326201,4670.486,0.5377,2620.372931930985,44.99456274993047,0.1502314839625023,-2619.986597131755,EhYEhMEA4,44.99456274993047,-26.049634487355046,AAAAAAABJYoAAAAAAAEkpA,4,5.6864323103288825,0.702004697655616,9.945000000000001e+29,7281.884650570434,K,dwarf,star/k2,233.46482798622725,Rocky,9.532951416015624,0.0449945627499304,-0.026049634487355,-2.619986597131755,0.3478780891367856,251.58937909924603,600.1162757550364,362.8264977666684,102.17613695981166,802.77579195264,901.3716605596528,650.9314014016296,501.73794747285535,201.9847987901918,301.0136721074667,False,48,S40000-0048,S400,S4800,S40000-0048,75146,74916,K/dwarf,1.0
4611986464277342592,0.2144265850140982,-89.0086294686909,0.1935427898866145,17.39449,17.86597,16.781525,1.084446,0.47148132,0.61296463,,303.17791856195265,-28.09535999605187,272.49130964406163,-66.54465275747813,4940.988,0.5177,5166.816085403346,89.39467796158813,0.3345566666251089,-5166.042676944001,EhgEhMDgw,89.39467796158813,-51.325870102814896,AAAAAAABJhsAAAAAAAEkUQ,4,3.828374273533843,0.6588827978087604,1.4917500000000002e+30,2809.410863782067,K,dwarf,star/k2,350.1972419793291,Rocky,9.505901220703125,0.0893946779615881,-0.0513258701028149,-5.166042676944001,1.9259734260921648,251.8933925548598,603.459986409366,362.30029806797006,101.74913403913806,800.0265367812016,904.361992047358,653.6112399588368,501.2282719335734,203.27625596915587,300.95292512787114,False,49,S40000-0049,S400,S4400,S40000-0049,75291,74833,K/dwarf,1.0
